<weather ver="2.0">
        <head>
      <locale>en_US</locale>
      <form>MEDIUM</form>
      <ut>C</ut>
      <ud>km</ud>
      <us>km/h</us>
      <up>mb</up>
      <ur>mm</ur>
    </head>
        <loc id="UKXX0085">
      <dnam>London, GLA, United Kingdom</dnam>
      <tm>2:14 PM</tm>
      <lat>51.51</lat>
      <lon>-0.13</lon>
      <sunr>5:05 AM</sunr>
      <suns>8:49 PM</suns>
      <zone>1</zone>
    </loc>
        
        
        <cc>
        <lsup>5/17/16 1:45 PM BST</lsup>
        <obst>London City Airport, GLA, UK</obst>
        <tmp>17</tmp>
        <flik>17</flik>
        <t>Mostly Cloudy</t>
        <icon>28</icon>
        
        <bar>
          <r>1016.25</r>
          <d>steady</d>
        </bar>
        <wind>
      <s>19</s>
      <gust>N/A</gust>
      <d>270</d>
      <t>W</t>
    </wind>
        <hmid>49</hmid>
        <vis>9.7</vis>
        <uv>
          <i>3</i>
          <t>Moderate</t>
        </uv>
        <dewp>6</dewp>
        <moon>
          <icon>10</icon>
          <t>Waxing Gibbous</t>
        </moon>
      </cc>
        <dayf>
        <lsup>5/17/16 7:00 AM BST</lsup>
        <day d="0" t="Tuesday" dt="May 17">
        <hi>17</hi>
        <low>11</low>
        <sunr>5:05 AM</sunr>
        <suns>8:49 PM</suns>
        
        <part p="d">
          <icon>26</icon>
          <t>Cloudy</t>
          <wind>
      <s>20</s>
      <gust>N/A</gust>
      <d>243</d>
      <t>WSW</t>
    </wind>
          <bt>Cloudy</bt>
          <ppcp>10</ppcp>
          <hmid>52</hmid>
        </part>
        <part p="n">
          <icon>11</icon>
          <t>Light Rain Late</t>
          <wind>
      <s>20</s>
      <gust>N/A</gust>
      <d>243</d>
      <t>WSW</t>
    </wind>
          <bt>Rain Late</bt>
          <ppcp>50</ppcp>
          <hmid>74</hmid>
        </part>
      </day>
      </dayf>
      </weather>